{
  "E[X]": {
    "MC": [
      [
        10,
        0.4675392195371382
      ],
      [
        15,
        0.3026878327157931
      ],
      [
        22,
        0.0837583996449379
      ],
      [
        33,
        0.08627814404395516
      ],
      [
        50,
        0.04378652041003705
      ],
      [
        75,
        0.04977416454709176
      ],
      [
        112,
        0.028948707732834183
      ],
      [
        167,
        0.03759378829934355
      ],
      [
        250,
        0.02526593348789059
      ]
    ],
    "SVGD": [
      [
        10,
        0.05561202537895117
      ],
      [
        15,
        0.004276396413048038
      ],
      [
        22,
        0.008603944127267341
      ],
      [
        33,
        0.007540335769967661
      ],
      [
        50,
        0.005054805191873793
      ],
      [
        75,
        0.0029854002371524435
      ],
      [
        112,
        0.003199923395091582
      ],
      [
        167,
        0.0043378131274111695
      ],
      [
        250,
        0.0021995094981100056
      ]
    ]
  },
  "E[X^2]": {
    "MC": [
      [
        10,
        2.396516188997742
      ],
      [
        15,
        1.256129117272246
      ],
      [
        22,
        0.6850809537170709
      ],
      [
        33,
        0.6448301682332085
      ],
      [
        50,
        0.2886525227834051
      ],
      [
        75,
        0.3341767878508763
      ],
      [
        112,
        0.14708745402295542
      ],
      [
        167,
        0.14683600507912803
      ],
      [
        250,
        0.09993667032656534
      ]
    ],
    "SVGD": [
      [
        10,
        0.10778312547172908
      ],
      [
        15,
        0.0690685507878995
      ],
      [
        22,
        0.06893409297047001
      ],
      [
        33,
        0.05234875643566067
      ],
      [
        50,
        0.03218823621301903
      ],
      [
        75,
        0.040335797622891724
      ],
      [
        112,
        0.035680983610431274
      ],
      [
        167,
        0.03144345202991574
      ],
      [
        250,
        0.01952734358265503
      ]
    ]
  },
  "E[cos(wx+b)]": {
    "MC": [
      [
        10,
        0.025920668376342586
      ],
      [
        15,
        0.00906148281186664
      ],
      [
        22,
        0.014703645708850122
      ],
      [
        33,
        0.008914896826358687
      ],
      [
        50,
        0.012793181572114967
      ],
      [
        75,
        0.005120625489536576
      ],
      [
        112,
        0.004037717321045444
      ],
      [
        167,
        0.0012132199567802216
      ],
      [
        250,
        0.002388752361646889
      ]
    ],
    "SVGD": [
      [
        10,
        0.0025864029278021843
      ],
      [
        15,
        0.0008212536101118564
      ],
      [
        22,
        0.0024293202854423442
      ],
      [
        33,
        0.0005133482516023874
      ],
      [
        50,
        0.0005467381936918005
      ],
      [
        75,
        0.0004797020155034385
      ],
      [
        112,
        0.0022667380267604184
      ],
      [
        167,
        0.0012524639684636948
      ],
      [
        250,
        0.0004670019353688875
      ]
    ]
  }
}