{
  "E[X]": {
    "MC": [
      [
        10,
        0.37641067456432653
      ],
      [
        15,
        0.2774930078551879
      ],
      [
        22,
        0.17638307331991282
      ],
      [
        33,
        0.15111706612473746
      ],
      [
        50,
        0.10537075837162044
      ],
      [
        75,
        0.08362318654310627
      ],
      [
        112,
        0.03555197037219131
      ],
      [
        167,
        0.02863740917038784
      ],
      [
        250,
        0.0143765294553332
      ]
    ],
    "SVGD": [
      [
        10,
        0.07594660384444953
      ],
      [
        15,
        0.005213998795750074
      ],
      [
        22,
        0.008939872574719638
      ],
      [
        33,
        0.007082931306059682
      ],
      [
        50,
        0.005070604165259324
      ],
      [
        75,
        0.004840442732896533
      ],
      [
        112,
        0.0036583806870630507
      ],
      [
        167,
        0.0038554626880670452
      ],
      [
        250,
        0.002587953267155617
      ]
    ]
  },
  "E[X^2]": {
    "MC": [
      [
        10,
        2.1892043026036623
      ],
      [
        15,
        1.0559859553200428
      ],
      [
        22,
        0.9243787552663878
      ],
      [
        33,
        0.47005555935666005
      ],
      [
        50,
        0.3445113934668008
      ],
      [
        75,
        0.30249222952212307
      ],
      [
        112,
        0.1709887451546637
      ],
      [
        167,
        0.08211429250325443
      ],
      [
        250,
        0.06760902414385855
      ]
    ],
    "SVGD": [
      [
        10,
        0.08391800250805766
      ],
      [
        15,
        0.10243359632340189
      ],
      [
        22,
        0.045933676128485625
      ],
      [
        33,
        0.030991498694918466
      ],
      [
        50,
        0.03807378893159587
      ],
      [
        75,
        0.0438238986807714
      ],
      [
        112,
        0.03957685831157943
      ],
      [
        167,
        0.03462149029590296
      ],
      [
        250,
        0.02910940656446394
      ]
    ]
  },
  "E[cos(wx+b)]": {
    "MC": [
      [
        10,
        0.03388643203812436
      ],
      [
        15,
        0.021360644675244955
      ],
      [
        22,
        0.013828197910447546
      ],
      [
        33,
        0.00875434127870814
      ],
      [
        50,
        0.006765698940175443
      ],
      [
        75,
        0.004407352370425237
      ],
      [
        112,
        0.0030367796651991344
      ],
      [
        167,
        0.0015689418396755504
      ],
      [
        250,
        0.0010884545596453789
      ]
    ],
    "SVGD": [
      [
        10,
        0.00261290895927576
      ],
      [
        15,
        0.0012261227928446895
      ],
      [
        22,
        0.0016712767164886442
      ],
      [
        33,
        0.001358542934577776
      ],
      [
        50,
        0.0012014688245396735
      ],
      [
        75,
        0.0019004565552666049
      ],
      [
        112,
        0.0017239074394223993
      ],
      [
        167,
        0.0010895724147727082
      ],
      [
        250,
        0.0008013686082455503
      ]
    ]
  }
}