{
  "E[X]": {
    "MC": [
      [
        10,
        0.480976320233126
      ],
      [
        15,
        0.29770518691437237
      ],
      [
        22,
        0.1794272449665992
      ],
      [
        33,
        0.1558037153067427
      ],
      [
        50,
        0.10075124498535992
      ],
      [
        75,
        0.05879530527308629
      ],
      [
        112,
        0.03814009411319512
      ],
      [
        167,
        0.023085791387450892
      ],
      [
        250,
        0.019242078725023683
      ]
    ],
    "SVGD": [
      [
        10,
        0.06437070892593581
      ],
      [
        15,
        0.0047457937747037385
      ],
      [
        22,
        0.009442669681096765
      ],
      [
        33,
        0.00707269689808207
      ],
      [
        50,
        0.006006730715149419
      ],
      [
        75,
        0.0059696904349770905
      ],
      [
        112,
        0.003682743545741914
      ],
      [
        167,
        0.0033205929772119236
      ],
      [
        250,
        0.00252378221013071
      ]
    ]
  },
  "E[X^2]": {
    "MC": [
      [
        10,
        2.027396409754763
      ],
      [
        15,
        1.1292047705357953
      ],
      [
        22,
        0.7669590561556499
      ],
      [
        33,
        0.53566344388747
      ],
      [
        50,
        0.3545083967661992
      ],
      [
        75,
        0.25164540590276724
      ],
      [
        112,
        0.16436038172344575
      ],
      [
        167,
        0.11282126873620396
      ],
      [
        250,
        0.07033494298765347
      ]
    ],
    "SVGD": [
      [
        10,
        0.09462363617605167
      ],
      [
        15,
        0.08579269606569269
      ],
      [
        22,
        0.0617688021311713
      ],
      [
        33,
        0.050335238894059886
      ],
      [
        50,
        0.04522994580415405
      ],
      [
        75,
        0.042592397370541574
      ],
      [
        112,
        0.035128814446822504
      ],
      [
        167,
        0.03316143906985488
      ],
      [
        250,
        0.0332280265632063
      ]
    ]
  },
  "E[cos(wx+b)]": {
    "MC": [
      [
        10,
        0.036078165273149325
      ],
      [
        15,
        0.022041360477973084
      ],
      [
        22,
        0.013567023206850225
      ],
      [
        33,
        0.011319805046385616
      ],
      [
        50,
        0.008599164801741555
      ],
      [
        75,
        0.004503133350208621
      ],
      [
        112,
        0.002408763285173658
      ],
      [
        167,
        0.0021799121861951674
      ],
      [
        250,
        0.0012105888141616893
      ]
    ],
    "SVGD": [
      [
        10,
        0.0020749290689765906
      ],
      [
        15,
        0.001436634399848199
      ],
      [
        22,
        0.001633431918709875
      ],
      [
        33,
        0.0013730608517795826
      ],
      [
        50,
        0.001339999987775654
      ],
      [
        75,
        0.002055190245995633
      ],
      [
        112,
        0.001357044228625644
      ],
      [
        167,
        0.0009266627505256683
      ],
      [
        250,
        0.0014963560874288863
      ]
    ]
  }
}