{
  "E[X]": {
    "MC": [
      [
        10,
        0.4149931381015302
      ],
      [
        15,
        0.2470058397627964
      ],
      [
        22,
        0.17554188896721498
      ],
      [
        33,
        0.14456825855924527
      ],
      [
        50,
        0.0939343724604936
      ],
      [
        75,
        0.07148626353103305
      ],
      [
        112,
        0.040242229703268254
      ],
      [
        167,
        0.02592633713939414
      ],
      [
        250,
        0.015300201218516883
      ]
    ],
    "SVGD": [
      [
        10,
        0.06461873637798787
      ],
      [
        15,
        0.004663483390913939
      ],
      [
        22,
        0.009122961494412832
      ],
      [
        33,
        0.006772312003645526
      ],
      [
        50,
        0.00534392932420581
      ],
      [
        75,
        0.004572271798534616
      ],
      [
        112,
        0.003745298991484789
      ],
      [
        167,
        0.0034764503757138483
      ],
      [
        250,
        0.0024739956981803183
      ]
    ]
  },
  "E[X^2]": {
    "MC": [
      [
        10,
        2.2930298274700447
      ],
      [
        15,
        1.1714849636575648
      ],
      [
        22,
        0.951416962677967
      ],
      [
        33,
        0.4524294268920266
      ],
      [
        50,
        0.38269500733758877
      ],
      [
        75,
        0.28063419150442337
      ],
      [
        112,
        0.1612858569713355
      ],
      [
        167,
        0.09831434229075187
      ],
      [
        250,
        0.06991991730846349
      ]
    ],
    "SVGD": [
      [
        10,
        0.08797051389336712
      ],
      [
        15,
        0.09156428275768702
      ],
      [
        22,
        0.052871601139998094
      ],
      [
        33,
        0.039137715899977554
      ],
      [
        50,
        0.04733621264729419
      ],
      [
        75,
        0.037989400280229846
      ],
      [
        112,
        0.04266667245790186
      ],
      [
        167,
        0.03462324058979635
      ],
      [
        250,
        0.02581211223931273
      ]
    ]
  },
  "E[cos(wx+b)]": {
    "MC": [
      [
        10,
        0.033007684295025125
      ],
      [
        15,
        0.023138701868684813
      ],
      [
        22,
        0.013845092123786453
      ],
      [
        33,
        0.00862710723997302
      ],
      [
        50,
        0.006543460756090332
      ],
      [
        75,
        0.0044134318378415095
      ],
      [
        112,
        0.0027998242877098956
      ],
      [
        167,
        0.0016362318604721572
      ],
      [
        250,
        0.0010811763566818526
      ]
    ],
    "SVGD": [
      [
        10,
        0.0024844496981072926
      ],
      [
        15,
        0.0012256600976588052
      ],
      [
        22,
        0.0018253878235081338
      ],
      [
        33,
        0.0013773871532164
      ],
      [
        50,
        0.0010863190336204646
      ],
      [
        75,
        0.0017295193145095695
      ],
      [
        112,
        0.0018021567401317867
      ],
      [
        167,
        0.001074816082017606
      ],
      [
        250,
        0.0008991875284956553
      ]
    ]
  }
}