{
  "E[X]": {
    "MC": [
      [
        10,
        0.480976320233126
      ],
      [
        15,
        0.29770518691437237
      ],
      [
        22,
        0.1794272449665992
      ],
      [
        33,
        0.1558037153067427
      ],
      [
        50,
        0.10075124498535992
      ],
      [
        75,
        0.05879530527308629
      ],
      [
        112,
        0.03814009411319512
      ],
      [
        167,
        0.023085791387450892
      ],
      [
        250,
        0.019242078725023683
      ]
    ],
    "SVGD": [
      [
        10,
        0.06279508830295072
      ],
      [
        15,
        0.0015098093455401522
      ],
      [
        22,
        0.004292317903741825
      ],
      [
        33,
        0.004495760733656353
      ],
      [
        50,
        0.0024240612744322403
      ],
      [
        75,
        0.0017307139248342277
      ],
      [
        112,
        0.0012122756737977028
      ],
      [
        167,
        0.001005539170034382
      ],
      [
        250,
        0.0007543814639022807
      ]
    ]
  },
  "E[X^2]": {
    "MC": [
      [
        10,
        2.027396409754763
      ],
      [
        15,
        1.1292047705357953
      ],
      [
        22,
        0.7669590561556499
      ],
      [
        33,
        0.53566344388747
      ],
      [
        50,
        0.3545083967661992
      ],
      [
        75,
        0.25164540590276724
      ],
      [
        112,
        0.16436038172344575
      ],
      [
        167,
        0.11282126873620396
      ],
      [
        250,
        0.07033494298765347
      ]
    ],
    "SVGD": [
      [
        10,
        0.04135697584405621
      ],
      [
        15,
        0.04166182032201706
      ],
      [
        22,
        0.032313212398672776
      ],
      [
        33,
        0.01919737585359975
      ],
      [
        50,
        0.019727486581948707
      ],
      [
        75,
        0.01614773912459905
      ],
      [
        112,
        0.013828859681982742
      ],
      [
        167,
        0.011646068920642905
      ],
      [
        250,
        0.008646893740949261
      ]
    ]
  },
  "E[cos(wx+b)]": {
    "MC": [
      [
        10,
        0.036078165273149325
      ],
      [
        15,
        0.022041360477973084
      ],
      [
        22,
        0.013567023206850225
      ],
      [
        33,
        0.011319805046385616
      ],
      [
        50,
        0.008599164801741555
      ],
      [
        75,
        0.004503133350208621
      ],
      [
        112,
        0.002408763285173658
      ],
      [
        167,
        0.0021799121861951674
      ],
      [
        250,
        0.0012105888141616893
      ]
    ],
    "SVGD": [
      [
        10,
        0.0013131973576587272
      ],
      [
        15,
        0.0005755819939575352
      ],
      [
        22,
        0.0006225469528906419
      ],
      [
        33,
        0.000593610357126938
      ],
      [
        50,
        0.0004938209156451456
      ],
      [
        75,
        0.000768100509865888
      ],
      [
        112,
        0.0004558124583850487
      ],
      [
        167,
        0.0003086364832980304
      ],
      [
        250,
        0.0004993880799125021
      ]
    ]
  }
}